Workbook

Sheet 案件基本信息
A1: 合同编号 | B1: 申请人类型 | C1: 企业名称 | D1: 证照类型 | E1: 证照号码 | F1: 联系人 | G1: 文书送达手机 | H1: 企业法定代表人 | I1: 证件类型 | J1: 证件号码 | K1: 地址 | L1: 邮箱 | M1: 被申请人类型 | N1: 企业名称(自然人为空） | O1: 证照类型(自然人为空） | P1: 证照号码(自然人为空） | Q1: 联系人(自然人为空） | R1: 文书送达手机 | S1: 企业法定代表人/自然人姓名 | T1: 证件类型 | U1: 证件号码 | V1: 民族（自然人必填） | W1: 地址 | X1: 邮箱 | Y1: 性别 | Z1: 委托人姓名 | AA1: 代理人姓名 | AB1: 证件类型 | AC1: 证件号码 | AD1: 手机 | AE1: 电子邮箱 | AF1: 联系地址 | AG1: 工作单位 | AH1: 类型 | AI1: 民族 | AJ1: 性别 | AK1: 请求人 | AL1: 请求金额 | AM1: 请求内容 | AN1: 事实与理由
A2: =IF(Sheet1!$A2="","",Sheet1!$A2) | B2: =IF($A2="","","企业") | C2: =IF($A2="","",IFERROR(VLOOKUP($A2,Sheet1!$A:$AN,3,0),"")) | D2: =IF($C2="","","营业执照") | I2: =IF($C2="","","身份证") | M2: =IF($C2="","","自然人") | R2: =IF($A2="","",IFERROR(VLOOKUP($A2,Sheet1!$A:$AN,18,0),"")) | S2: =IF($A2="","",IFERROR(VLOOKUP($A2,Sheet1!$A:$AN,19,0),"")) | T2: =IF($S2="","","身份证") | U2: =IF($A2="","",IFERROR(VLOOKUP($A2,Sheet1!$A:$AN,21,0),"")) | V2: =IF($A2="","",IFERROR(SUBSTITUTE(VLOOKUP($A2,Sheet1!$A:$AN,22,0),"族",""),"")) | W2: =IF($A2="","",IFERROR(VLOOKUP($A2,Sheet1!$A:$AN,23,0),"")) | X2: =IF($A2="","",IFERROR(VLOOKUP($A2,Sheet1!$A:$AN,24,0),"")) | Y2: =IF($A2="","",IFERROR(VLOOKUP($A2,Sheet1!$A:$AN,25,0),"")) | AK2: =IF($A2="","",IFERROR(VLOOKUP($A2,Sheet1!$A:$AN,37,0),"")) | AL2: =IF($A2="","",IFERROR(VLOOKUP($A2,Sheet1!$A:$AN,38,0),"")) | AM2: =IF($A2="","",IFERROR(VLOOKUP($A2,Sheet1!$A:$AN,39,0),"")) | AN2: =IF($A2="","",IFERROR(VLOOKUP($A2,Sheet1!$A:$AN,40,0),""))
A3: =IF(Sheet1!$A3="","",Sheet1!$A3) | B3: =IF($A3="","","企业") | C3: =IF($A3="","",IFERROR(VLOOKUP($A3,Sheet1!$A:$AN,3,0),"")) | D3: =IF($C3="","","营业执照") | I3: =IF($C3="","","身份证") | M3: =IF($C3="","","自然人") | R3: =IF($A3="","",IFERROR(VLOOKUP($A3,Sheet1!A:AN,18,0),"")) | S3: =IF($A3="","",IFERROR(VLOOKUP($A3,Sheet1!$A:$AN,19,0),"")) | T3: =IF($S3="","","身份证") | U3: =IF($A3="","",IFERROR(VLOOKUP($A3,Sheet1!$A:$AN,21,0),"")) | V3: =IF($A3="","",IFERROR(SUBSTITUTE(VLOOKUP($A3,Sheet1!$A:$AN,22,0),"族",""),"")) | W3: =IF($A3="","",IFERROR(VLOOKUP($A3,Sheet1!$A:$AN,23,0),"")) | X3: =IF($A3="","",IFERROR(VLOOKUP($A3,Sheet1!$A:$AN,24,0),"")) | Y3: =IF($A3="","",IFERROR(VLOOKUP($A3,Sheet1!$A:$AN,25,0),"")) | AK3: =IF($A3="","",IFERROR(VLOOKUP($A3,Sheet1!$A:$AN,37,0),"")) | AL3: =IF($A3="","",IFERROR(VLOOKUP($A3,Sheet1!$A:$AN,38,0),"")) | AM3: =IF($A3="","",IFERROR(VLOOKUP($A3,Sheet1!$A:$AN,39,0),"")) | AN3: =IF($A3="","",IFERROR(VLOOKUP($A3,Sheet1!$A:$AN,40,0),""))
A4: =IF(Sheet1!$A4="","",Sheet1!$A4) | B4: =IF($A4="","","企业") | C4: =IF($A4="","",IFERROR(VLOOKUP($A4,Sheet1!$A:$AN,3,0),"")) | D4: =IF($C4="","","营业执照") | I4: =IF($C4="","","身份证") | M4: =IF($C4="","","自然人") | R4: =IF($A4="","",IFERROR(VLOOKUP($A4,Sheet1!A:AN,18,0),"")) | S4: =IF($A4="","",IFERROR(VLOOKUP($A4,Sheet1!$A:$AN,19,0),"")) | T4: =IF($S4="","","身份证") | U4: =IF($A4="","",IFERROR(VLOOKUP($A4,Sheet1!$A:$AN,21,0),"")) | V4: =IF($A4="","",IFERROR(SUBSTITUTE(VLOOKUP($A4,Sheet1!$A:$AN,22,0),"族",""),"")) | W4: =IF($A4="","",IFERROR(VLOOKUP($A4,Sheet1!$A:$AN,23,0),"")) | X4: =IF($A4="","",IFERROR(VLOOKUP($A4,Sheet1!$A:$AN,24,0),"")) | Y4: =IF($A4="","",IFERROR(VLOOKUP($A4,Sheet1!$A:$AN,25,0),"")) | AK4: =IF($A4="","",IFERROR(VLOOKUP($A4,Sheet1!$A:$AN,37,0),"")) | AL4: =IF($A4="","",IFERROR(VLOOKUP($A4,Sheet1!$A:$AN,38,0),"")) | AM4: =IF($A4="","",IFERROR(VLOOKUP($A4,Sheet1!$A:$AN,39,0),"")) | AN4: =IF($A4="","",IFERROR(VLOOKUP($A4,Sheet1!$A:$AN,40,0),""))
A5: =IF(Sheet1!$A5="","",Sheet1!$A5) | B5: =IF($A5="","","企业") | C5: =IF($A5="","",IFERROR(VLOOKUP($A5,Sheet1!$A:$AN,3,0),"")) | D5: =IF($C5="","","营业执照") | I5: =IF($C5="","","身份证") | M5: =IF($C5="","","自然人") | R5: =IF($A5="","",IFERROR(VLOOKUP($A5,Sheet1!A:AN,18,0),"")) | S5: =IF($A5="","",IFERROR(VLOOKUP($A5,Sheet1!$A:$AN,19,0),"")) | T5: =IF($S5="","","身份证") | U5: =IF($A5="","",IFERROR(VLOOKUP($A5,Sheet1!$A:$AN,21,0),"")) | V5: =IF($A5="","",IFERROR(SUBSTITUTE(VLOOKUP($A5,Sheet1!$A:$AN,22,0),"族",""),"")) | W5: =IF($A5="","",IFERROR(VLOOKUP($A5,Sheet1!$A:$AN,23,0),"")) | X5: =IF($A5="","",IFERROR(VLOOKUP($A5,Sheet1!$A:$AN,24,0),"")) | Y5: =IF($A5="","",IFERROR(VLOOKUP($A5,Sheet1!$A:$AN,25,0),"")) | AK5: =IF($A5="","",IFERROR(VLOOKUP($A5,Sheet1!$A:$AN,37,0),"")) | AL5: =IF($A5="","",IFERROR(VLOOKUP($A5,Sheet1!$A:$AN,38,0),"")) | AM5: =IF($A5="","",IFERROR(VLOOKUP($A5,Sheet1!$A:$AN,39,0),"")) | AN5: =IF($A5="","",IFERROR(VLOOKUP($A5,Sheet1!$A:$AN,40,0),""))
A6: =IF(Sheet1!$A6="","",Sheet1!$A6) | B6: =IF($A6="","","企业") | C6: =IF($A6="","",IFERROR(VLOOKUP($A6,Sheet1!$A:$AN,3,0),"")) | D6: =IF($C6="","","营业执照") | I6: =IF($C6="","","身份证") | M6: =IF($C6="","","自然人") | R6: =IF($A6="","",IFERROR(VLOOKUP($A6,Sheet1!A:AN,18,0),"")) | S6: =IF($A6="","",IFERROR(VLOOKUP($A6,Sheet1!$A:$AN,19,0),"")) | T6: =IF($S6="","","身份证") | U6: =IF($A6="","",IFERROR(VLOOKUP($A6,Sheet1!$A:$AN,21,0),"")) | V6: =IF($A6="","",IFERROR(SUBSTITUTE(VLOOKUP($A6,Sheet1!$A:$AN,22,0),"族",""),"")) | W6: =IF($A6="","",IFERROR(VLOOKUP($A6,Sheet1!$A:$AN,23,0),"")) | X6: =IF($A6="","",IFERROR(VLOOKUP($A6,Sheet1!$A:$AN,24,0),"")) | Y6: =IF($A6="","",IFERROR(VLOOKUP($A6,Sheet1!$A:$AN,25,0),"")) | AK6: =IF($A6="","",IFERROR(VLOOKUP($A6,Sheet1!$A:$AN,37,0),"")) | AL6: =IF($A6="","",IFERROR(VLOOKUP($A6,Sheet1!$A:$AN,38,0),"")) | AM6: =IF($A6="","",IFERROR(VLOOKUP($A6,Sheet1!$A:$AN,39,0),"")) | AN6: =IF($A6="","",IFERROR(VLOOKUP($A6,Sheet1!$A:$AN,40,0),""))
A7: =IF(Sheet1!$A7="","",Sheet1!$A7) | B7: =IF($A7="","","企业") | C7: =IF($A7="","",IFERROR(VLOOKUP($A7,Sheet1!$A:$AN,3,0),"")) | D7: =IF($C7="","","营业执照") | I7: =IF($C7="","","身份证") | M7: =IF($C7="","","自然人") | R7: =IF($A7="","",IFERROR(VLOOKUP($A7,Sheet1!A:AN,18,0),"")) | S7: =IF($A7="","",IFERROR(VLOOKUP($A7,Sheet1!$A:$AN,19,0),"")) | T7: =IF($S7="","","身份证") | U7: =IF($A7="","",IFERROR(VLOOKUP($A7,Sheet1!$A:$AN,21,0),"")) | V7: =IF($A7="","",IFERROR(SUBSTITUTE(VLOOKUP($A7,Sheet1!$A:$AN,22,0),"族",""),"")) | W7: =IF($A7="","",IFERROR(VLOOKUP($A7,Sheet1!$A:$AN,23,0),"")) | X7: =IF($A7="","",IFERROR(VLOOKUP($A7,Sheet1!$A:$AN,24,0),"")) | Y7: =IF($A7="","",IFERROR(VLOOKUP($A7,Sheet1!$A:$AN,25,0),"")) | AK7: =IF($A7="","",IFERROR(VLOOKUP($A7,Sheet1!$A:$AN,37,0),"")) | AL7: =IF($A7="","",IFERROR(VLOOKUP($A7,Sheet1!$A:$AN,38,0),"")) | AM7: =IF($A7="","",IFERROR(VLOOKUP($A7,Sheet1!$A:$AN,39,0),"")) | AN7: =IF($A7="","",IFERROR(VLOOKUP($A7,Sheet1!$A:$AN,40,0),""))
A8: =IF(Sheet1!$A8="","",Sheet1!$A8) | B8: =IF($A8="","","企业") | C8: =IF($A8="","",IFERROR(VLOOKUP($A8,Sheet1!$A:$AN,3,0),"")) | D8: =IF($C8="","","营业执照") | I8: =IF($C8="","","身份证") | M8: =IF($C8="","","自然人") | R8: =IF($A8="","",IFERROR(VLOOKUP($A8,Sheet1!A:AN,18,0),"")) | S8: =IF($A8="","",IFERROR(VLOOKUP($A8,Sheet1!$A:$AN,19,0),"")) | T8: =IF($S8="","","身份证") | U8: =IF($A8="","",IFERROR(VLOOKUP($A8,Sheet1!$A:$AN,21,0),"")) | V8: =IF($A8="","",IFERROR(SUBSTITUTE(VLOOKUP($A8,Sheet1!$A:$AN,22,0),"族",""),"")) | W8: =IF($A8="","",IFERROR(VLOOKUP($A8,Sheet1!$A:$AN,23,0),"")) | X8: =IF($A8="","",IFERROR(VLOOKUP($A8,Sheet1!$A:$AN,24,0),"")) | Y8: =IF($A8="","",IFERROR(VLOOKUP($A8,Sheet1!$A:$AN,25,0),"")) | AK8: =IF($A8="","",IFERROR(VLOOKUP($A8,Sheet1!$A:$AN,37,0),"")) | AL8: =IF($A8="","",IFERROR(VLOOKUP($A8,Sheet1!$A:$AN,38,0),"")) | AM8: =IF($A8="","",IFERROR(VLOOKUP($A8,Sheet1!$A:$AN,39,0),"")) | AN8: =IF($A8="","",IFERROR(VLOOKUP($A8,Sheet1!$A:$AN,40,0),""))
A9: =IF(Sheet1!$A9="","",Sheet1!$A9) | B9: =IF($A9="","","企业") | C9: =IF($A9="","",IFERROR(VLOOKUP($A9,Sheet1!$A:$AN,3,0),"")) | D9: =IF($C9="","","营业执照") | I9: =IF($C9="","","身份证") | M9: =IF($C9="","","自然人") | R9: =IF($A9="","",IFERROR(VLOOKUP($A9,Sheet1!A:AN,18,0),"")) | S9: =IF($A9="","",IFERROR(VLOOKUP($A9,Sheet1!$A:$AN,19,0),"")) | T9: =IF($S9="","","身份证") | U9: =IF($A9="","",IFERROR(VLOOKUP($A9,Sheet1!$A:$AN,21,0),"")) | V9: =IF($A9="","",IFERROR(SUBSTITUTE(VLOOKUP($A9,Sheet1!$A:$AN,22,0),"族",""),"")) | W9: =IF($A9="","",IFERROR(VLOOKUP($A9,Sheet1!$A:$AN,23,0),"")) | X9: =IF($A9="","",IFERROR(VLOOKUP($A9,Sheet1!$A:$AN,24,0),"")) | Y9: =IF($A9="","",IFERROR(VLOOKUP($A9,Sheet1!$A:$AN,25,0),"")) | AK9: =IF($A9="","",IFERROR(VLOOKUP($A9,Sheet1!$A:$AN,37,0),"")) | AL9: =IF($A9="","",IFERROR(VLOOKUP($A9,Sheet1!$A:$AN,38,0),"")) | AM9: =IF($A9="","",IFERROR(VLOOKUP($A9,Sheet1!$A:$AN,39,0),"")) | AN9: =IF($A9="","",IFERROR(VLOOKUP($A9,Sheet1!$A:$AN,40,0),""))
A10: =IF(Sheet1!$A10="","",Sheet1!$A10) | B10: =IF($A10="","","企业") | C10: =IF($A10="","",IFERROR(VLOOKUP($A10,Sheet1!$A:$AN,3,0),"")) | D10: =IF($C10="","","营业执照") | I10: =IF($C10="","","身份证") | M10: =IF($C10="","","自然人") | R10: =IF($A10="","",IFERROR(VLOOKUP($A10,Sheet1!A:AN,18,0),"")) | S10: =IF($A10="","",IFERROR(VLOOKUP($A10,Sheet1!$A:$AN,19,0),"")) | T10: =IF($S10="","","身份证") | U10: =IF($A10="","",IFERROR(VLOOKUP($A10,Sheet1!$A:$AN,21,0),"")) | V10: =IF($A10="","",IFERROR(SUBSTITUTE(VLOOKUP($A10,Sheet1!$A:$AN,22,0),"族",""),"")) | W10: =IF($A10="","",IFERROR(VLOOKUP($A10,Sheet1!$A:$AN,23,0),"")) | X10: =IF($A10="","",IFERROR(VLOOKUP($A10,Sheet1!$A:$AN,24,0),"")) | Y10: =IF($A10="","",IFERROR(VLOOKUP($A10,Sheet1!$A:$AN,25,0),"")) | AK10: =IF($A10="","",IFERROR(VLOOKUP($A10,Sheet1!$A:$AN,37,0),"")) | AL10: =IF($A10="","",IFERROR(VLOOKUP($A10,Sheet1!$A:$AN,38,0),"")) | AM10: =IF($A10="","",IFERROR(VLOOKUP($A10,Sheet1!$A:$AN,39,0),"")) | AN10: =IF($A10="","",IFERROR(VLOOKUP($A10,Sheet1!$A:$AN,40,0),""))
A11: =IF(Sheet1!$A11="","",Sheet1!$A11) | B11: =IF($A11="","","企业") | C11: =IF($A11="","",IFERROR(VLOOKUP($A11,Sheet1!$A:$AN,3,0),"")) | D11: =IF($C11="","","营业执照") | I11: =IF($C11="","","身份证") | M11: =IF($C11="","","自然人") | R11: =IF($A11="","",IFERROR(VLOOKUP($A11,Sheet1!A:AN,18,0),"")) | S11: =IF($A11="","",IFERROR(VLOOKUP($A11,Sheet1!$A:$AN,19,0),"")) | T11: =IF($S11="","","身份证") | U11: =IF($A11="","",IFERROR(VLOOKUP($A11,Sheet1!$A:$AN,21,0),"")) | V11: =IF($A11="","",IFERROR(SUBSTITUTE(VLOOKUP($A11,Sheet1!$A:$AN,22,0),"族",""),"")) | W11: =IF($A11="","",IFERROR(VLOOKUP($A11,Sheet1!$A:$AN,23,0),"")) | X11: =IF($A11="","",IFERROR(VLOOKUP($A11,Sheet1!$A:$AN,24,0),"")) | Y11: =IF($A11="","",IFERROR(VLOOKUP($A11,Sheet1!$A:$AN,25,0),"")) | AK11: =IF($A11="","",IFERROR(VLOOKUP($A11,Sheet1!$A:$AN,37,0),"")) | AL11: =IF($A11="","",IFERROR(VLOOKUP($A11,Sheet1!$A:$AN,38,0),"")) | AM11: =IF($A11="","",IFERROR(VLOOKUP($A11,Sheet1!$A:$AN,39,0),"")) | AN11: =IF($A11="","",IFERROR(VLOOKUP($A11,Sheet1!$A:$AN,40,0),""))
A12: =IF(Sheet1!$A12="","",Sheet1!$A12) | B12: =IF($A12="","","企业") | C12: =IF($A12="","",IFERROR(VLOOKUP($A12,Sheet1!$A:$AN,3,0),"")) | D12: =IF($C12="","","营业执照") | I12: =IF($C12="","","身份证") | M12: =IF($C12="","","自然人") | R12: =IF($A12="","",IFERROR(VLOOKUP($A12,Sheet1!A:AN,18,0),"")) | S12: =IF($A12="","",IFERROR(VLOOKUP($A12,Sheet1!$A:$AN,19,0),"")) | T12: =IF($S12="","","身份证") | U12: =IF($A12="","",IFERROR(VLOOKUP($A12,Sheet1!$A:$AN,21,0),"")) | V12: =IF($A12="","",IFERROR(SUBSTITUTE(VLOOKUP($A12,Sheet1!$A:$AN,22,0),"族",""),"")) | W12: =IF($A12="","",IFERROR(VLOOKUP($A12,Sheet1!$A:$AN,23,0),"")) | X12: =IF($A12="","",IFERROR(VLOOKUP($A12,Sheet1!$A:$AN,24,0),"")) | Y12: =IF($A12="","",IFERROR(VLOOKUP($A12,Sheet1!$A:$AN,25,0),"")) | AK12: =IF($A12="","",IFERROR(VLOOKUP($A12,Sheet1!$A:$AN,37,0),"")) | AL12: =IF($A12="","",IFERROR(VLOOKUP($A12,Sheet1!$A:$AN,38,0),"")) | AM12: =IF($A12="","",IFERROR(VLOOKUP($A12,Sheet1!$A:$AN,39,0),"")) | AN12: =IF($A12="","",IFERROR(VLOOKUP($A12,Sheet1!$A:$AN,40,0),""))
A13: =IF(Sheet1!$A13="","",Sheet1!$A13) | B13: =IF($A13="","","企业") | C13: =IF($A13="","",IFERROR(VLOOKUP($A13,Sheet1!$A:$AN,3,0),"")) | D13: =IF($C13="","","营业执照") | I13: =IF($C13="","","身份证") | M13: =IF($C13="","","自然人") | R13: =IF($A13="","",IFERROR(VLOOKUP($A13,Sheet1!A:AN,18,0),"")) | S13: =IF($A13="","",IFERROR(VLOOKUP($A13,Sheet1!$A:$AN,19,0),"")) | T13: =IF($S13="","","身份证") | U13: =IF($A13="","",IFERROR(VLOOKUP($A13,Sheet1!$A:$AN,21,0),"")) | V13: =IF($A13="","",IFERROR(SUBSTITUTE(VLOOKUP($A13,Sheet1!$A:$AN,22,0),"族",""),"")) | W13: =IF($A13="","",IFERROR(VLOOKUP($A13,Sheet1!$A:$AN,23,0),"")) | X13: =IF($A13="","",IFERROR(VLOOKUP($A13,Sheet1!$A:$AN,24,0),"")) | Y13: =IF($A13="","",IFERROR(VLOOKUP($A13,Sheet1!$A:$AN,25,0),"")) | AK13: =IF($A13="","",IFERROR(VLOOKUP($A13,Sheet1!$A:$AN,37,0),"")) | AL13: =IF($A13="","",IFERROR(VLOOKUP($A13,Sheet1!$A:$AN,38,0),"")) | AM13: =IF($A13="","",IFERROR(VLOOKUP($A13,Sheet1!$A:$AN,39,0),"")) | AN13: =IF($A13="","",IFERROR(VLOOKUP($A13,Sheet1!$A:$AN,40,0),""))
A14: =IF(Sheet1!$A14="","",Sheet1!$A14) | B14: =IF($A14="","","企业") | C14: =IF($A14="","",IFERROR(VLOOKUP($A14,Sheet1!$A:$AN,3,0),"")) | D14: =IF($C14="","","营业执照") | I14: =IF($C14="","","身份证") | M14: =IF($C14="","","自然人") | R14: =IF($A14="","",IFERROR(VLOOKUP($A14,Sheet1!A:AN,18,0),"")) | S14: =IF($A14="","",IFERROR(VLOOKUP($A14,Sheet1!$A:$AN,19,0),"")) | T14: =IF($S14="","","身份证") | U14: =IF($A14="","",IFERROR(VLOOKUP($A14,Sheet1!$A:$AN,21,0),"")) | V14: =IF($A14="","",IFERROR(SUBSTITUTE(VLOOKUP($A14,Sheet1!$A:$AN,22,0),"族",""),"")) | W14: =IF($A14="","",IFERROR(VLOOKUP($A14,Sheet1!$A:$AN,23,0),"")) | X14: =IF($A14="","",IFERROR(VLOOKUP($A14,Sheet1!$A:$AN,24,0),"")) | Y14: =IF($A14="","",IFERROR(VLOOKUP($A14,Sheet1!$A:$AN,25,0),"")) | AK14: =IF($A14="","",IFERROR(VLOOKUP($A14,Sheet1!$A:$AN,37,0),"")) | AL14: =IF($A14="","",IFERROR(VLOOKUP($A14,Sheet1!$A:$AN,38,0),"")) | AM14: =IF($A14="","",IFERROR(VLOOKUP($A14,Sheet1!$A:$AN,39,0),"")) | AN14: =IF($A14="","",IFERROR(VLOOKUP($A14,Sheet1!$A:$AN,40,0),""))
... A500: =IF(Sheet1!$A500="","",Sheet1!$A500) | B500: =IF($A500="","","企业") | C500: =IF($A500="","",IFERROR(VLOOKUP($A500,Sheet1!$A:$AN,3,0),"")) | D500: =IF($C500="","","营业执照") | I500: =IF($C500="","","身份证") | M500: =IF($C500="","","自然人") | R500: =IF($A500="","",IFERROR(VLOOKUP($A500,Sheet1!A:AN,18,0),"")) | S500: =IF($A500="","",IFERROR(VLOOKUP($A500,Sheet1!$A:$AN,19,0),"")) | T500: =IF($S500="","","身份证") | U500: =IF($A500="","",IFERROR(VLOOKUP($A500,Sheet1!$A:$AN,21,0),"")) | V500: =IF($A500="","",IFERROR(SUBSTITUTE(VLOOKUP($A500,Sheet1!$A:$AN,22,0),"族",""),"")) | W500: =IF($A500="","",IFERROR(VLOOKUP($A500,Sheet1!$A:$AN,23,0),"")) | X500: =IF($A500="","",IFERROR(VLOOKUP($A500,Sheet1!$A:$AN,24,0),"")) | Y500: =IF($A500="","",IFERROR(VLOOKUP($A500,Sheet1!$A:$AN,25,0),"")) | AK500: =IF($A500="","",IFERROR(VLOOKUP($A500,Sheet1!$A:$AN,37,0),"")) | AL500: =IF($A500="","",IFERROR(VLOOKUP($A500,Sheet1!$A:$AN,38,0),"")) | AM500: =IF($A500="","",IFERROR(VLOOKUP($A500,Sheet1!$A:$AN,39,0),"")) | AN500: =IF($A500="","",IFERROR(VLOOKUP($A500,Sheet1!$A:$AN,40,0),""))

Sheet Sheet1
A1: 合同编号 | B1: 申请人类型 | C1: 企业名称 | D1: 证照类型 | E1: 证照号码 | F1: 联系人 | G1: 文书送达手机 | H1: 企业法定代表人 | I1: 证件类型 | J1: 证件号码 | K1: 地址 | L1: 邮箱 | M1: 被申请人类型 | N1: 企业名称(自然人为空） | O1: 证照类型(自然人为空） | P1: 证照号码(自然人为空） | Q1: 联系人(自然人为空） | R1: 文书送达手机 | S1: 企业法定代表人/自然人姓名 | T1: 证件类型 | U1: 证件号码 | V1: 民族（自然人必填） | W1: 地址 | X1: 邮箱 | Y1: 性别 | Z1: 委托人姓名 | AA1: 代理人姓名 | AB1: 证件类型 | AC1: 证件号码 | AD1: 手机 | AE1: 电子邮箱 | AF1: 联系地址 | AG1: 工作单位 | AH1: 类型 | AI1: 民族 | AJ1: 性别 | AK1: 请求人 | AL1: 请求金额 | AM1: 请求内容 | AN1: 事实与理由
