Workbook

Sheet Sheet1
A1: 合同编号 | B1: 请求金额 | C1: 请求内容 | D1: 事实与理由 | E1: 案由 | F1: 申请人类型 | G1: 申请人类型 | H1: 企业名称 | I1: 企业法定代表人 | J1: 职务 | K1: 统一社会信用代码 | L1: 联系人 | M1: 性别 | N1: 民族 | O1: 出生日期 | P1: 身份证号码 | Q1: 地址 | R1: 联系电话 | S1: 邮箱

Sheet 案件明细
A1: 合同编号 | B1: 请求金额 | C1: 请求内容 | D1: 事实与理由 | E1: 案由
A2: =IF(Sheet1!$A2="","",Sheet1!$A2) | B2: =IF($A2="","",IFERROR(VLOOKUP($A2,Sheet1!$A:$S,2,0),"")) | C2: =IF($A2="","",IFERROR(VLOOKUP($A2,Sheet1!$A:$S,3,0),"")) | D2: =IF($A2="","",IFERROR(VLOOKUP($A2,Sheet1!$A:$S,4,0),"")) | E2: =IF($A2="","","租赁合同纠纷")
A3: =IF(Sheet1!$A3="","",Sheet1!$A3) | B3: =IF($A3="","",IFERROR(VLOOKUP($A3,Sheet1!$A:$S,2,0),"")) | C3: =IF($A3="","",IFERROR(VLOOKUP($A3,Sheet1!$A:$S,3,0),"")) | D3: =IF($A3="","",IFERROR(VLOOKUP($A3,Sheet1!$A:$S,4,0),"")) | E3: =IF($A3="","","租赁合同纠纷")
A4: =IF(Sheet1!$A4="","",Sheet1!$A4) | B4: =IF($A4="","",IFERROR(VLOOKUP($A4,Sheet1!$A:$S,2,0),"")) | C4: =IF($A4="","",IFERROR(VLOOKUP($A4,Sheet1!$A:$S,3,0),"")) | D4: =IF($A4="","",IFERROR(VLOOKUP($A4,Sheet1!$A:$S,4,0),"")) | E4: =IF($A4="","","租赁合同纠纷")
A5: =IF(Sheet1!$A5="","",Sheet1!$A5) | B5: =IF($A5="","",IFERROR(VLOOKUP($A5,Sheet1!$A:$S,2,0),"")) | C5: =IF($A5="","",IFERROR(VLOOKUP($A5,Sheet1!$A:$S,3,0),"")) | D5: =IF($A5="","",IFERROR(VLOOKUP($A5,Sheet1!$A:$S,4,0),"")) | E5: =IF($A5="","","租赁合同纠纷")
A6: =IF(Sheet1!$A6="","",Sheet1!$A6) | B6: =IF($A6="","",IFERROR(VLOOKUP($A6,Sheet1!$A:$S,2,0),"")) | C6: =IF($A6="","",IFERROR(VLOOKUP($A6,Sheet1!$A:$S,3,0),"")) | D6: =IF($A6="","",IFERROR(VLOOKUP($A6,Sheet1!$A:$S,4,0),"")) | E6: =IF($A6="","","租赁合同纠纷")
A7: =IF(Sheet1!$A7="","",Sheet1!$A7) | B7: =IF($A7="","",IFERROR(VLOOKUP($A7,Sheet1!$A:$S,2,0),"")) | C7: =IF($A7="","",IFERROR(VLOOKUP($A7,Sheet1!$A:$S,3,0),"")) | D7: =IF($A7="","",IFERROR(VLOOKUP($A7,Sheet1!$A:$S,4,0),"")) | E7: =IF($A7="","","租赁合同纠纷")
A8: =IF(Sheet1!$A8="","",Sheet1!$A8) | B8: =IF($A8="","",IFERROR(VLOOKUP($A8,Sheet1!$A:$S,2,0),"")) | C8: =IF($A8="","",IFERROR(VLOOKUP($A8,Sheet1!$A:$S,3,0),"")) | D8: =IF($A8="","",IFERROR(VLOOKUP($A8,Sheet1!$A:$S,4,0),"")) | E8: =IF($A8="","","租赁合同纠纷")
A9: =IF(Sheet1!$A9="","",Sheet1!$A9) | B9: =IF($A9="","",IFERROR(VLOOKUP($A9,Sheet1!$A:$S,2,0),"")) | C9: =IF($A9="","",IFERROR(VLOOKUP($A9,Sheet1!$A:$S,3,0),"")) | D9: =IF($A9="","",IFERROR(VLOOKUP($A9,Sheet1!$A:$S,4,0),"")) | E9: =IF($A9="","","租赁合同纠纷")
A10: =IF(Sheet1!$A10="","",Sheet1!$A10) | B10: =IF($A10="","",IFERROR(VLOOKUP($A10,Sheet1!$A:$S,2,0),"")) | C10: =IF($A10="","",IFERROR(VLOOKUP($A10,Sheet1!$A:$S,3,0),"")) | D10: =IF($A10="","",IFERROR(VLOOKUP($A10,Sheet1!$A:$S,4,0),"")) | E10: =IF($A10="","","租赁合同纠纷")
A11: =IF(Sheet1!$A11="","",Sheet1!$A11) | B11: =IF($A11="","",IFERROR(VLOOKUP($A11,Sheet1!$A:$S,2,0),"")) | C11: =IF($A11="","",IFERROR(VLOOKUP($A11,Sheet1!$A:$S,3,0),"")) | D11: =IF($A11="","",IFERROR(VLOOKUP($A11,Sheet1!$A:$S,4,0),"")) | E11: =IF($A11="","","租赁合同纠纷")
A12: =IF(Sheet1!$A12="","",Sheet1!$A12) | B12: =IF($A12="","",IFERROR(VLOOKUP($A12,Sheet1!$A:$S,2,0),"")) | C12: =IF($A12="","",IFERROR(VLOOKUP($A12,Sheet1!$A:$S,3,0),"")) | D12: =IF($A12="","",IFERROR(VLOOKUP($A12,Sheet1!$A:$S,4,0),"")) | E12: =IF($A12="","","租赁合同纠纷")
A13: =IF(Sheet1!$A13="","",Sheet1!$A13) | B13: =IF($A13="","",IFERROR(VLOOKUP($A13,Sheet1!$A:$S,2,0),"")) | C13: =IF($A13="","",IFERROR(VLOOKUP($A13,Sheet1!$A:$S,3,0),"")) | D13: =IF($A13="","",IFERROR(VLOOKUP($A13,Sheet1!$A:$S,4,0),"")) | E13: =IF($A13="","","租赁合同纠纷")
... A1000: =IF(Sheet1!$A1000="","",Sheet1!$A1000) | B1000: =IF($A1000="","",IFERROR(VLOOKUP($A1000,Sheet1!$A:$S,2,0),"")) | C1000: =IF($A1000="","",IFERROR(VLOOKUP($A1000,Sheet1!$A:$S,3,0),"")) | D1000: =IF($A1000="","",IFERROR(VLOOKUP($A1000,Sheet1!$A:$S,4,0),"")) | E1000: =IF($A1000="","","租赁合同纠纷")

Sheet 申请人&被申请人
A1: 合同编号 | B1: 申请人类型 | C1: 申请人类型 | D1: 企业名称 | E1: 企业法定代表人 | F1: 职务 | G1: 统一社会信用代码 | H1: 联系人 | I1: 性别 | J1: 民族 | K1: 出生日期 | L1: 身份证号码 | M1: 地址 | N1: 联系电话 | O1: 邮箱
A2: =IF(Sheet1!$A2="","",Sheet1!$A2) | B2: =IF($A2="","","被申请人") | C2: =IF($A2="","","个人") | H2: =IF($A2="","",IFERROR(VLOOKUP($A2,Sheet1!$A:$S,12,0),"")) | I2: =IF($A2="","",IFERROR(VLOOKUP($A2,Sheet1!$A:$S,13,0),"")) | J2: =IF($A2="","",IFERROR(VLOOKUP($A2,Sheet1!$A:$S,14,0),"")) | K2: =IF($A2="","",IFERROR(VLOOKUP($A2,Sheet1!$A:$S,15,0),"")) | L2: =IF($A2="","",IFERROR(VLOOKUP($A2,Sheet1!$A:$S,16,0),"")) | M2: =IF($A2="","",IFERROR(VLOOKUP($A2,Sheet1!$A:$S,17,0),"")) | N2: =IF($A2="","",IFERROR(VLOOKUP($A2,Sheet1!$A:$S,18,0),"")) | O2: =IF($A2="","",IFERROR(VLOOKUP($A2,Sheet1!$A:$S,19,0),""))
A3: =IF(Sheet1!$A3="","",Sheet1!$A3) | B3: =IF($A3="","","被申请人") | C3: =IF($A3="","","个人") | H3: =IF($A3="","",IFERROR(VLOOKUP($A3,Sheet1!$A:$S,12,0),"")) | I3: =IF($A3="","",IFERROR(VLOOKUP($A3,Sheet1!$A:$S,13,0),"")) | J3: =IF($A3="","",IFERROR(VLOOKUP($A3,Sheet1!$A:$S,14,0),"")) | K3: =IF($A3="","",IFERROR(VLOOKUP($A3,Sheet1!$A:$S,15,0),"")) | L3: =IF($A3="","",IFERROR(VLOOKUP($A3,Sheet1!$A:$S,16,0),"")) | M3: =IF($A3="","",IFERROR(VLOOKUP($A3,Sheet1!$A:$S,17,0),"")) | N3: =IF($A3="","",IFERROR(VLOOKUP($A3,Sheet1!$A:$S,18,0),"")) | O3: =IF($A3="","",IFERROR(VLOOKUP($A3,Sheet1!$A:$S,19,0),""))
A4: =IF(Sheet1!$A4="","",Sheet1!$A4) | B4: =IF($A4="","","被申请人") | C4: =IF($A4="","","个人") | H4: =IF($A4="","",IFERROR(VLOOKUP($A4,Sheet1!$A:$S,12,0),"")) | I4: =IF($A4="","",IFERROR(VLOOKUP($A4,Sheet1!$A:$S,13,0),"")) | J4: =IF($A4="","",IFERROR(VLOOKUP($A4,Sheet1!$A:$S,14,0),"")) | K4: =IF($A4="","",IFERROR(VLOOKUP($A4,Sheet1!$A:$S,15,0),"")) | L4: =IF($A4="","",IFERROR(VLOOKUP($A4,Sheet1!$A:$S,16,0),"")) | M4: =IF($A4="","",IFERROR(VLOOKUP($A4,Sheet1!$A:$S,17,0),"")) | N4: =IF($A4="","",IFERROR(VLOOKUP($A4,Sheet1!$A:$S,18,0),"")) | O4: =IF($A4="","",IFERROR(VLOOKUP($A4,Sheet1!$A:$S,19,0),""))
A5: =IF(Sheet1!$A5="","",Sheet1!$A5) | B5: =IF($A5="","","被申请人") | C5: =IF($A5="","","个人") | H5: =IF($A5="","",IFERROR(VLOOKUP($A5,Sheet1!$A:$S,12,0),"")) | I5: =IF($A5="","",IFERROR(VLOOKUP($A5,Sheet1!$A:$S,13,0),"")) | J5: =IF($A5="","",IFERROR(VLOOKUP($A5,Sheet1!$A:$S,14,0),"")) | K5: =IF($A5="","",IFERROR(VLOOKUP($A5,Sheet1!$A:$S,15,0),"")) | L5: =IF($A5="","",IFERROR(VLOOKUP($A5,Sheet1!$A:$S,16,0),"")) | M5: =IF($A5="","",IFERROR(VLOOKUP($A5,Sheet1!$A:$S,17,0),"")) | N5: =IF($A5="","",IFERROR(VLOOKUP($A5,Sheet1!$A:$S,18,0),"")) | O5: =IF($A5="","",IFERROR(VLOOKUP($A5,Sheet1!$A:$S,19,0),""))
A6: =IF(Sheet1!$A6="","",Sheet1!$A6) | B6: =IF($A6="","","被申请人") | C6: =IF($A6="","","个人") | H6: =IF($A6="","",IFERROR(VLOOKUP($A6,Sheet1!$A:$S,12,0),"")) | I6: =IF($A6="","",IFERROR(VLOOKUP($A6,Sheet1!$A:$S,13,0),"")) | J6: =IF($A6="","",IFERROR(VLOOKUP($A6,Sheet1!$A:$S,14,0),"")) | K6: =IF($A6="","",IFERROR(VLOOKUP($A6,Sheet1!$A:$S,15,0),"")) | L6: =IF($A6="","",IFERROR(VLOOKUP($A6,Sheet1!$A:$S,16,0),"")) | M6: =IF($A6="","",IFERROR(VLOOKUP($A6,Sheet1!$A:$S,17,0),"")) | N6: =IF($A6="","",IFERROR(VLOOKUP($A6,Sheet1!$A:$S,18,0),"")) | O6: =IF($A6="","",IFERROR(VLOOKUP($A6,Sheet1!$A:$S,19,0),""))
A7: =IF(Sheet1!$A7="","",Sheet1!$A7) | B7: =IF($A7="","","被申请人") | C7: =IF($A7="","","个人") | H7: =IF($A7="","",IFERROR(VLOOKUP($A7,Sheet1!$A:$S,12,0),"")) | I7: =IF($A7="","",IFERROR(VLOOKUP($A7,Sheet1!$A:$S,13,0),"")) | J7: =IF($A7="","",IFERROR(VLOOKUP($A7,Sheet1!$A:$S,14,0),"")) | K7: =IF($A7="","",IFERROR(VLOOKUP($A7,Sheet1!$A:$S,15,0),"")) | L7: =IF($A7="","",IFERROR(VLOOKUP($A7,Sheet1!$A:$S,16,0),"")) | M7: =IF($A7="","",IFERROR(VLOOKUP($A7,Sheet1!$A:$S,17,0),"")) | N7: =IF($A7="","",IFERROR(VLOOKUP($A7,Sheet1!$A:$S,18,0),"")) | O7: =IF($A7="","",IFERROR(VLOOKUP($A7,Sheet1!$A:$S,19,0),""))
A8: =IF(Sheet1!$A8="","",Sheet1!$A8) | B8: =IF($A8="","","被申请人") | C8: =IF($A8="","","个人") | H8: =IF($A8="","",IFERROR(VLOOKUP($A8,Sheet1!$A:$S,12,0),"")) | I8: =IF($A8="","",IFERROR(VLOOKUP($A8,Sheet1!$A:$S,13,0),"")) | J8: =IF($A8="","",IFERROR(VLOOKUP($A8,Sheet1!$A:$S,14,0),"")) | K8: =IF($A8="","",IFERROR(VLOOKUP($A8,Sheet1!$A:$S,15,0),"")) | L8: =IF($A8="","",IFERROR(VLOOKUP($A8,Sheet1!$A:$S,16,0),"")) | M8: =IF($A8="","",IFERROR(VLOOKUP($A8,Sheet1!$A:$S,17,0),"")) | N8: =IF($A8="","",IFERROR(VLOOKUP($A8,Sheet1!$A:$S,18,0),"")) | O8: =IF($A8="","",IFERROR(VLOOKUP($A8,Sheet1!$A:$S,19,0),""))
A9: =IF(Sheet1!$A9="","",Sheet1!$A9) | B9: =IF($A9="","","被申请人") | C9: =IF($A9="","","个人") | H9: =IF($A9="","",IFERROR(VLOOKUP($A9,Sheet1!$A:$S,12,0),"")) | I9: =IF($A9="","",IFERROR(VLOOKUP($A9,Sheet1!$A:$S,13,0),"")) | J9: =IF($A9="","",IFERROR(VLOOKUP($A9,Sheet1!$A:$S,14,0),"")) | K9: =IF($A9="","",IFERROR(VLOOKUP($A9,Sheet1!$A:$S,15,0),"")) | L9: =IF($A9="","",IFERROR(VLOOKUP($A9,Sheet1!$A:$S,16,0),"")) | M9: =IF($A9="","",IFERROR(VLOOKUP($A9,Sheet1!$A:$S,17,0),"")) | N9: =IF($A9="","",IFERROR(VLOOKUP($A9,Sheet1!$A:$S,18,0),"")) | O9: =IF($A9="","",IFERROR(VLOOKUP($A9,Sheet1!$A:$S,19,0),""))
A10: =IF(Sheet1!$A10="","",Sheet1!$A10) | B10: =IF($A10="","","被申请人") | C10: =IF($A10="","","个人") | H10: =IF($A10="","",IFERROR(VLOOKUP($A10,Sheet1!$A:$S,12,0),"")) | I10: =IF($A10="","",IFERROR(VLOOKUP($A10,Sheet1!$A:$S,13,0),"")) | J10: =IF($A10="","",IFERROR(VLOOKUP($A10,Sheet1!$A:$S,14,0),"")) | K10: =IF($A10="","",IFERROR(VLOOKUP($A10,Sheet1!$A:$S,15,0),"")) | L10: =IF($A10="","",IFERROR(VLOOKUP($A10,Sheet1!$A:$S,16,0),"")) | M10: =IF($A10="","",IFERROR(VLOOKUP($A10,Sheet1!$A:$S,17,0),"")) | N10: =IF($A10="","",IFERROR(VLOOKUP($A10,Sheet1!$A:$S,18,0),"")) | O10: =IF($A10="","",IFERROR(VLOOKUP($A10,Sheet1!$A:$S,19,0),""))
A11: =IF(Sheet1!$A11="","",Sheet1!$A11) | B11: =IF($A11="","","被申请人") | C11: =IF($A11="","","个人") | H11: =IF($A11="","",IFERROR(VLOOKUP($A11,Sheet1!$A:$S,12,0),"")) | I11: =IF($A11="","",IFERROR(VLOOKUP($A11,Sheet1!$A:$S,13,0),"")) | J11: =IF($A11="","",IFERROR(VLOOKUP($A11,Sheet1!$A:$S,14,0),"")) | K11: =IF($A11="","",IFERROR(VLOOKUP($A11,Sheet1!$A:$S,15,0),"")) | L11: =IF($A11="","",IFERROR(VLOOKUP($A11,Sheet1!$A:$S,16,0),"")) | M11: =IF($A11="","",IFERROR(VLOOKUP($A11,Sheet1!$A:$S,17,0),"")) | N11: =IF($A11="","",IFERROR(VLOOKUP($A11,Sheet1!$A:$S,18,0),"")) | O11: =IF($A11="","",IFERROR(VLOOKUP($A11,Sheet1!$A:$S,19,0),""))
A12: =IF(Sheet1!$A12="","",Sheet1!$A12) | B12: =IF($A12="","","被申请人") | C12: =IF($A12="","","个人") | H12: =IF($A12="","",IFERROR(VLOOKUP($A12,Sheet1!$A:$S,12,0),"")) | I12: =IF($A12="","",IFERROR(VLOOKUP($A12,Sheet1!$A:$S,13,0),"")) | J12: =IF($A12="","",IFERROR(VLOOKUP($A12,Sheet1!$A:$S,14,0),"")) | K12: =IF($A12="","",IFERROR(VLOOKUP($A12,Sheet1!$A:$S,15,0),"")) | L12: =IF($A12="","",IFERROR(VLOOKUP($A12,Sheet1!$A:$S,16,0),"")) | M12: =IF($A12="","",IFERROR(VLOOKUP($A12,Sheet1!$A:$S,17,0),"")) | N12: =IF($A12="","",IFERROR(VLOOKUP($A12,Sheet1!$A:$S,18,0),"")) | O12: =IF($A12="","",IFERROR(VLOOKUP($A12,Sheet1!$A:$S,19,0),""))
A13: =IF(Sheet1!$A13="","",Sheet1!$A13) | B13: =IF($A13="","","被申请人") | C13: =IF($A13="","","个人") | H13: =IF($A13="","",IFERROR(VLOOKUP($A13,Sheet1!$A:$S,12,0),"")) | I13: =IF($A13="","",IFERROR(VLOOKUP($A13,Sheet1!$A:$S,13,0),"")) | J13: =IF($A13="","",IFERROR(VLOOKUP($A13,Sheet1!$A:$S,14,0),"")) | K13: =IF($A13="","",IFERROR(VLOOKUP($A13,Sheet1!$A:$S,15,0),"")) | L13: =IF($A13="","",IFERROR(VLOOKUP($A13,Sheet1!$A:$S,16,0),"")) | M13: =IF($A13="","",IFERROR(VLOOKUP($A13,Sheet1!$A:$S,17,0),"")) | N13: =IF($A13="","",IFERROR(VLOOKUP($A13,Sheet1!$A:$S,18,0),"")) | O13: =IF($A13="","",IFERROR(VLOOKUP($A13,Sheet1!$A:$S,19,0),""))
... A1000: =IF(Sheet1!$A1000="","",Sheet1!$A1000) | B1000: =IF($A1000="","","被申请人") | C1000: =IF($A1000="","","个人") | H1000: =IF($A1000="","",IFERROR(VLOOKUP($A1000,Sheet1!$A:$S,12,0),"")) | I1000: =IF($A1000="","",IFERROR(VLOOKUP($A1000,Sheet1!$A:$S,13,0),"")) | J1000: =IF($A1000="","",IFERROR(VLOOKUP($A1000,Sheet1!$A:$S,14,0),"")) | K1000: =IF($A1000="","",IFERROR(VLOOKUP($A1000,Sheet1!$A:$S,15,0),"")) | L1000: =IF($A1000="","",IFERROR(VLOOKUP($A1000,Sheet1!$A:$S,16,0),"")) | M1000: =IF($A1000="","",IFERROR(VLOOKUP($A1000,Sheet1!$A:$S,17,0),"")) | N1000: =IF($A1000="","",IFERROR(VLOOKUP($A1000,Sheet1!$A:$S,18,0),"")) | O1000: =IF($A1000="","",IFERROR(VLOOKUP($A1000,Sheet1!$A:$S,19,0),""))

Sheet 证据
A1: 合同编号 | B1: 证据名称 | C1: 证明内容
A2: {=IFERROR(INDEX(_xlfn._xlws.FILTER(Sheet1!$A$2:$A$1001,TRIM(Sheet1!$A$2:$A$1001)<>""),INT((ROW(A1)-1)/7)+1),"")} | B2: {=IF(A2="","",IF(AND(MOD(ROW(A1)-1,7)+1=5,ISNUMBER(SEARCH("(3)",A2))),"发货物流、物流信息详情",INDEX({"申请人营业执照、法定代表人身份证正反面、法定代表人身份证明书";"被申请人身份证正反面";"《租赁服务协议》《电子合同验证报告》";"租赁商品信息";"发货物流、密钥签收单、物流信息详情、签收回执单及电子验证报告";"还款及逾期凭证";"《服务协议》、转账凭证、发票、代付款说明"},MOD(ROW(A1)-1,7)+1)))} | C2: {=IF(A2="","",INDEX({"证明申请人的主体适格";"证明被申请人的主体适格";"证明申请人与被申请人成立租赁合同法律关系";"证明被申请人向申请人租赁商品的规格信息以及租赁物商品的租赁价格";"证明申请人向被申请人邮寄了租赁物，履行了《租赁服务协议》中约定的交付义务";"证明被申请人已支付部分租金，但剩余租金已超出约定的支付期限的事实。";"证明申请人为主张权利委托武汉市天哲企业服务有限公司代办相关事宜，并支付法律咨询费以及开具发票的事实"},MOD(ROW(A1)-1,7)+1))}
A3: {=IFERROR(INDEX(_xlfn._xlws.FILTER(Sheet1!$A$2:$A$1001,TRIM(Sheet1!$A$2:$A$1001)<>""),INT((ROW(A2)-1)/7)+1),"")} | B3: {=IF(A3="","",IF(AND(MOD(ROW(A2)-1,7)+1=5,ISNUMBER(SEARCH("(3)",A3))),"发货物流、物流信息详情",INDEX({"申请人营业执照、法定代表人身份证正反面、法定代表人身份证明书";"被申请人身份证正反面";"《租赁服务协议》《电子合同验证报告》";"租赁商品信息";"发货物流、密钥签收单、物流信息详情、签收回执单及电子验证报告";"还款及逾期凭证";"《服务协议》、转账凭证、发票、代付款说明"},MOD(ROW(A2)-1,7)+1)))} | C3: {=IF(A3="","",INDEX({"证明申请人的主体适格";"证明被申请人的主体适格";"证明申请人与被申请人成立租赁合同法律关系";"证明被申请人向申请人租赁商品的规格信息以及租赁物商品的租赁价格";"证明申请人向被申请人邮寄了租赁物，履行了《租赁服务协议》中约定的交付义务";"证明被申请人已支付部分租金，但剩余租金已超出约定的支付期限的事实。";"证明申请人为主张权利委托武汉市天哲企业服务有限公司代办相关事宜，并支付法律咨询费以及开具发票的事实"},MOD(ROW(A2)-1,7)+1))}
A4: {=IFERROR(INDEX(_xlfn._xlws.FILTER(Sheet1!$A$2:$A$1001,TRIM(Sheet1!$A$2:$A$1001)<>""),INT((ROW(A3)-1)/7)+1),"")} | B4: {=IF(A4="","",IF(AND(MOD(ROW(A3)-1,7)+1=5,ISNUMBER(SEARCH("(3)",A4))),"发货物流、物流信息详情",INDEX({"申请人营业执照、法定代表人身份证正反面、法定代表人身份证明书";"被申请人身份证正反面";"《租赁服务协议》《电子合同验证报告》";"租赁商品信息";"发货物流、密钥签收单、物流信息详情、签收回执单及电子验证报告";"还款及逾期凭证";"《服务协议》、转账凭证、发票、代付款说明"},MOD(ROW(A3)-1,7)+1)))} | C4: {=IF(A4="","",INDEX({"证明申请人的主体适格";"证明被申请人的主体适格";"证明申请人与被申请人成立租赁合同法律关系";"证明被申请人向申请人租赁商品的规格信息以及租赁物商品的租赁价格";"证明申请人向被申请人邮寄了租赁物，履行了《租赁服务协议》中约定的交付义务";"证明被申请人已支付部分租金，但剩余租金已超出约定的支付期限的事实。";"证明申请人为主张权利委托武汉市天哲企业服务有限公司代办相关事宜，并支付法律咨询费以及开具发票的事实"},MOD(ROW(A3)-1,7)+1))}
A5: {=IFERROR(INDEX(_xlfn._xlws.FILTER(Sheet1!$A$2:$A$1001,TRIM(Sheet1!$A$2:$A$1001)<>""),INT((ROW(A4)-1)/7)+1),"")} | B5: {=IF(A5="","",IF(AND(MOD(ROW(A4)-1,7)+1=5,ISNUMBER(SEARCH("(3)",A5))),"发货物流、物流信息详情",INDEX({"申请人营业执照、法定代表人身份证正反面、法定代表人身份证明书";"被申请人身份证正反面";"《租赁服务协议》《电子合同验证报告》";"租赁商品信息";"发货物流、密钥签收单、物流信息详情、签收回执单及电子验证报告";"还款及逾期凭证";"《服务协议》、转账凭证、发票、代付款说明"},MOD(ROW(A4)-1,7)+1)))} | C5: {=IF(A5="","",INDEX({"证明申请人的主体适格";"证明被申请人的主体适格";"证明申请人与被申请人成立租赁合同法律关系";"证明被申请人向申请人租赁商品的规格信息以及租赁物商品的租赁价格";"证明申请人向被申请人邮寄了租赁物，履行了《租赁服务协议》中约定的交付义务";"证明被申请人已支付部分租金，但剩余租金已超出约定的支付期限的事实。";"证明申请人为主张权利委托武汉市天哲企业服务有限公司代办相关事宜，并支付法律咨询费以及开具发票的事实"},MOD(ROW(A4)-1,7)+1))}
A6: {=IFERROR(INDEX(_xlfn._xlws.FILTER(Sheet1!$A$2:$A$1001,TRIM(Sheet1!$A$2:$A$1001)<>""),INT((ROW(A5)-1)/7)+1),"")} | B6: {=IF(A6="","",IF(AND(MOD(ROW(A5)-1,7)+1=5,ISNUMBER(SEARCH("(3)",A6))),"发货物流、物流信息详情",INDEX({"申请人营业执照、法定代表人身份证正反面、法定代表人身份证明书";"被申请人身份证正反面";"《租赁服务协议》《电子合同验证报告》";"租赁商品信息";"发货物流、密钥签收单、物流信息详情、签收回执单及电子验证报告";"还款及逾期凭证";"《服务协议》、转账凭证、发票、代付款说明"},MOD(ROW(A5)-1,7)+1)))} | C6: {=IF(A6="","",INDEX({"证明申请人的主体适格";"证明被申请人的主体适格";"证明申请人与被申请人成立租赁合同法律关系";"证明被申请人向申请人租赁商品的规格信息以及租赁物商品的租赁价格";"证明申请人向被申请人邮寄了租赁物，履行了《租赁服务协议》中约定的交付义务";"证明被申请人已支付部分租金，但剩余租金已超出约定的支付期限的事实。";"证明申请人为主张权利委托武汉市天哲企业服务有限公司代办相关事宜，并支付法律咨询费以及开具发票的事实"},MOD(ROW(A5)-1,7)+1))}
A7: {=IFERROR(INDEX(_xlfn._xlws.FILTER(Sheet1!$A$2:$A$1001,TRIM(Sheet1!$A$2:$A$1001)<>""),INT((ROW(A6)-1)/7)+1),"")} | B7: {=IF(A7="","",IF(AND(MOD(ROW(A6)-1,7)+1=5,ISNUMBER(SEARCH("(3)",A7))),"发货物流、物流信息详情",INDEX({"申请人营业执照、法定代表人身份证正反面、法定代表人身份证明书";"被申请人身份证正反面";"《租赁服务协议》《电子合同验证报告》";"租赁商品信息";"发货物流、密钥签收单、物流信息详情、签收回执单及电子验证报告";"还款及逾期凭证";"《服务协议》、转账凭证、发票、代付款说明"},MOD(ROW(A6)-1,7)+1)))} | C7: {=IF(A7="","",INDEX({"证明申请人的主体适格";"证明被申请人的主体适格";"证明申请人与被申请人成立租赁合同法律关系";"证明被申请人向申请人租赁商品的规格信息以及租赁物商品的租赁价格";"证明申请人向被申请人邮寄了租赁物，履行了《租赁服务协议》中约定的交付义务";"证明被申请人已支付部分租金，但剩余租金已超出约定的支付期限的事实。";"证明申请人为主张权利委托武汉市天哲企业服务有限公司代办相关事宜，并支付法律咨询费以及开具发票的事实"},MOD(ROW(A6)-1,7)+1))}
A8: {=IFERROR(INDEX(_xlfn._xlws.FILTER(Sheet1!$A$2:$A$1001,TRIM(Sheet1!$A$2:$A$1001)<>""),INT((ROW(A7)-1)/7)+1),"")} | B8: {=IF(A8="","",IF(AND(MOD(ROW(A7)-1,7)+1=5,ISNUMBER(SEARCH("(3)",A8))),"发货物流、物流信息详情",INDEX({"申请人营业执照、法定代表人身份证正反面、法定代表人身份证明书";"被申请人身份证正反面";"《租赁服务协议》《电子合同验证报告》";"租赁商品信息";"发货物流、密钥签收单、物流信息详情、签收回执单及电子验证报告";"还款及逾期凭证";"《服务协议》、转账凭证、发票、代付款说明"},MOD(ROW(A7)-1,7)+1)))} | C8: {=IF(A8="","",INDEX({"证明申请人的主体适格";"证明被申请人的主体适格";"证明申请人与被申请人成立租赁合同法律关系";"证明被申请人向申请人租赁商品的规格信息以及租赁物商品的租赁价格";"证明申请人向被申请人邮寄了租赁物，履行了《租赁服务协议》中约定的交付义务";"证明被申请人已支付部分租金，但剩余租金已超出约定的支付期限的事实。";"证明申请人为主张权利委托武汉市天哲企业服务有限公司代办相关事宜，并支付法律咨询费以及开具发票的事实"},MOD(ROW(A7)-1,7)+1))}
A9: {=IFERROR(INDEX(_xlfn._xlws.FILTER(Sheet1!$A$2:$A$1001,TRIM(Sheet1!$A$2:$A$1001)<>""),INT((ROW(A8)-1)/7)+1),"")} | B9: {=IF(A9="","",IF(AND(MOD(ROW(A8)-1,7)+1=5,ISNUMBER(SEARCH("(3)",A9))),"发货物流、物流信息详情",INDEX({"申请人营业执照、法定代表人身份证正反面、法定代表人身份证明书";"被申请人身份证正反面";"《租赁服务协议》《电子合同验证报告》";"租赁商品信息";"发货物流、密钥签收单、物流信息详情、签收回执单及电子验证报告";"还款及逾期凭证";"《服务协议》、转账凭证、发票、代付款说明"},MOD(ROW(A8)-1,7)+1)))} | C9: {=IF(A9="","",INDEX({"证明申请人的主体适格";"证明被申请人的主体适格";"证明申请人与被申请人成立租赁合同法律关系";"证明被申请人向申请人租赁商品的规格信息以及租赁物商品的租赁价格";"证明申请人向被申请人邮寄了租赁物，履行了《租赁服务协议》中约定的交付义务";"证明被申请人已支付部分租金，但剩余租金已超出约定的支付期限的事实。";"证明申请人为主张权利委托武汉市天哲企业服务有限公司代办相关事宜，并支付法律咨询费以及开具发票的事实"},MOD(ROW(A8)-1,7)+1))}
A10: {=IFERROR(INDEX(_xlfn._xlws.FILTER(Sheet1!$A$2:$A$1001,TRIM(Sheet1!$A$2:$A$1001)<>""),INT((ROW(A9)-1)/7)+1),"")} | B10: {=IF(A10="","",IF(AND(MOD(ROW(A9)-1,7)+1=5,ISNUMBER(SEARCH("(3)",A10))),"发货物流、物流信息详情",INDEX({"申请人营业执照、法定代表人身份证正反面、法定代表人身份证明书";"被申请人身份证正反面";"《租赁服务协议》《电子合同验证报告》";"租赁商品信息";"发货物流、密钥签收单、物流信息详情、签收回执单及电子验证报告";"还款及逾期凭证";"《服务协议》、转账凭证、发票、代付款说明"},MOD(ROW(A9)-1,7)+1)))} | C10: {=IF(A10="","",INDEX({"证明申请人的主体适格";"证明被申请人的主体适格";"证明申请人与被申请人成立租赁合同法律关系";"证明被申请人向申请人租赁商品的规格信息以及租赁物商品的租赁价格";"证明申请人向被申请人邮寄了租赁物，履行了《租赁服务协议》中约定的交付义务";"证明被申请人已支付部分租金，但剩余租金已超出约定的支付期限的事实。";"证明申请人为主张权利委托武汉市天哲企业服务有限公司代办相关事宜，并支付法律咨询费以及开具发票的事实"},MOD(ROW(A9)-1,7)+1))}
A11: {=IFERROR(INDEX(_xlfn._xlws.FILTER(Sheet1!$A$2:$A$1001,TRIM(Sheet1!$A$2:$A$1001)<>""),INT((ROW(A10)-1)/7)+1),"")} | B11: {=IF(A11="","",IF(AND(MOD(ROW(A10)-1,7)+1=5,ISNUMBER(SEARCH("(3)",A11))),"发货物流、物流信息详情",INDEX({"申请人营业执照、法定代表人身份证正反面、法定代表人身份证明书";"被申请人身份证正反面";"《租赁服务协议》《电子合同验证报告》";"租赁商品信息";"发货物流、密钥签收单、物流信息详情、签收回执单及电子验证报告";"还款及逾期凭证";"《服务协议》、转账凭证、发票、代付款说明"},MOD(ROW(A10)-1,7)+1)))} | C11: {=IF(A11="","",INDEX({"证明申请人的主体适格";"证明被申请人的主体适格";"证明申请人与被申请人成立租赁合同法律关系";"证明被申请人向申请人租赁商品的规格信息以及租赁物商品的租赁价格";"证明申请人向被申请人邮寄了租赁物，履行了《租赁服务协议》中约定的交付义务";"证明被申请人已支付部分租金，但剩余租金已超出约定的支付期限的事实。";"证明申请人为主张权利委托武汉市天哲企业服务有限公司代办相关事宜，并支付法律咨询费以及开具发票的事实"},MOD(ROW(A10)-1,7)+1))}
A12: {=IFERROR(INDEX(_xlfn._xlws.FILTER(Sheet1!$A$2:$A$1001,TRIM(Sheet1!$A$2:$A$1001)<>""),INT((ROW(A11)-1)/7)+1),"")} | B12: {=IF(A12="","",IF(AND(MOD(ROW(A11)-1,7)+1=5,ISNUMBER(SEARCH("(3)",A12))),"发货物流、物流信息详情",INDEX({"申请人营业执照、法定代表人身份证正反面、法定代表人身份证明书";"被申请人身份证正反面";"《租赁服务协议》《电子合同验证报告》";"租赁商品信息";"发货物流、密钥签收单、物流信息详情、签收回执单及电子验证报告";"还款及逾期凭证";"《服务协议》、转账凭证、发票、代付款说明"},MOD(ROW(A11)-1,7)+1)))} | C12: {=IF(A12="","",INDEX({"证明申请人的主体适格";"证明被申请人的主体适格";"证明申请人与被申请人成立租赁合同法律关系";"证明被申请人向申请人租赁商品的规格信息以及租赁物商品的租赁价格";"证明申请人向被申请人邮寄了租赁物，履行了《租赁服务协议》中约定的交付义务";"证明被申请人已支付部分租金，但剩余租金已超出约定的支付期限的事实。";"证明申请人为主张权利委托武汉市天哲企业服务有限公司代办相关事宜，并支付法律咨询费以及开具发票的事实"},MOD(ROW(A11)-1,7)+1))}
A13: {=IFERROR(INDEX(_xlfn._xlws.FILTER(Sheet1!$A$2:$A$1001,TRIM(Sheet1!$A$2:$A$1001)<>""),INT((ROW(A12)-1)/7)+1),"")} | B13: {=IF(A13="","",IF(AND(MOD(ROW(A12)-1,7)+1=5,ISNUMBER(SEARCH("(3)",A13))),"发货物流、物流信息详情",INDEX({"申请人营业执照、法定代表人身份证正反面、法定代表人身份证明书";"被申请人身份证正反面";"《租赁服务协议》《电子合同验证报告》";"租赁商品信息";"发货物流、密钥签收单、物流信息详情、签收回执单及电子验证报告";"还款及逾期凭证";"《服务协议》、转账凭证、发票、代付款说明"},MOD(ROW(A12)-1,7)+1)))} | C13: {=IF(A13="","",INDEX({"证明申请人的主体适格";"证明被申请人的主体适格";"证明申请人与被申请人成立租赁合同法律关系";"证明被申请人向申请人租赁商品的规格信息以及租赁物商品的租赁价格";"证明申请人向被申请人邮寄了租赁物，履行了《租赁服务协议》中约定的交付义务";"证明被申请人已支付部分租金，但剩余租金已超出约定的支付期限的事实。";"证明申请人为主张权利委托武汉市天哲企业服务有限公司代办相关事宜，并支付法律咨询费以及开具发票的事实"},MOD(ROW(A12)-1,7)+1))}
... A7000: {=IFERROR(INDEX(_xlfn._xlws.FILTER(Sheet1!$A$2:$A$1001,TRIM(Sheet1!$A$2:$A$1001)<>""),INT((ROW(A6999)-1)/7)+1),"")} | B7000: {=IF(A7000="","",IF(AND(MOD(ROW(A6999)-1,7)+1=5,ISNUMBER(SEARCH("(3)",A7000))),"发货物流、物流信息详情",INDEX({"申请人营业执照、法定代表人身份证正反面、法定代表人身份证明书";"被申请人身份证正反面";"《租赁服务协议》《电子合同验证报告》";"租赁商品信息";"发货物流、密钥签收单、物流信息详情、签收回执单及电子验证报告";"还款及逾期凭证";"《服务协议》、转账凭证、发票、代付款说明"},MOD(ROW(A6999)-1,7)+1)))} | C7000: {=IF(A7000="","",INDEX({"证明申请人的主体适格";"证明被申请人的主体适格";"证明申请人与被申请人成立租赁合同法律关系";"证明被申请人向申请人租赁商品的规格信息以及租赁物商品的租赁价格";"证明申请人向被申请人邮寄了租赁物，履行了《租赁服务协议》中约定的交付义务";"证明被申请人已支付部分租金，但剩余租金已超出约定的支付期限的事实。";"证明申请人为主张权利委托武汉市天哲企业服务有限公司代办相关事宜，并支付法律咨询费以及开具发票的事实"},MOD(ROW(A6999)-1,7)+1))}
